actor,opening night,show,wikipedia link,terminal school,school (2),relatives,theater credits,film credits,tv credits,screen credits before opening night,screen credits after opening night
Christopher Jackson,1997,The Lion King,,American Musical and Dramatic Academy (AMDA),,,16,8,15,0,23
Anthony Ramos,2015,Hamilton,https://en.wikipedia.org/wiki/Anthony_Ramos,American Musical and Dramatic Academy (AMDA),,,9,16,12,1,27
Caissie Levy,2022,Leopoldstadt,https://en.wikipedia.org/wiki/Caissie_Levy,American Musical and Dramatic Academy (AMDA),,,12,2,6,7,0
Clifton Davis,2014,Aladdin,https://en.wikipedia.org/wiki/Clifton_Davis,Andrews University,,,,12,42,47,7
Lea Salonga,2023,Here Lies Love,https://en.wikipedia.org/wiki/Lea_Salonga,Ateneo de Manila University,,"Gerard Salonga (brother)
Maniya Barredo (cousin)
Shay Mitchell (cousin)",,,,0,0
Colton Ryan,2023,"New York, New York",https://en.wikipedia.org/wiki/Colton_Ryan,Baldwin Wallace University,,,8,4,6,9,0
Jasmine Cephas Jones,2015,Hamilton,https://en.wikipedia.org/wiki/Jasmine_Cephas_Jones,Berklee College of Music,,"Ron Cephas Jones (father)
Kim Lesley Hartman (mother)",3,12,8,5,15
Jennifer Simard,2023,Once Upon a One More Time,https://en.wikipedia.org/wiki/Jennifer_Simard,Boston Conservatory,,,11,6,6,12,0
Alex Wyse,2023,"Good Night, Oscar",https://en.wikipedia.org/wiki/Alex_Wyse,Boston University,,,15,8,8,16,0
Myles Frost,2022,MJ The Musical,https://en.wikipedia.org/wiki/Myles_Frost,Bowie State University,Belmont University,,,1,4,4,0
Will Swenson,2022,"A Beautiful Noise, The Neil Diamond Musical",https://en.wikipedia.org/wiki/Will_Swenson,Brigham Young University,,,20,10,13,21,1
Daveed Diggs,2015,Hamilton,https://en.wikipedia.org/wiki/Daveed_Diggs,Brown University,,,15,15,24,4,35
Miriam Silverman,2023,The Sign in Sidney Brustein's Window,https://en.wikipedia.org/wiki/Miriam_Silverman,Brown University,,,26,2,10,10,0
Melissa Fahn,2003,Wicked,https://en.wikipedia.org/wiki/Melissa_Fahn,California State University,,,1,17,12,18,11
James Monroe Iglehart,2014,Aladdin,https://en.wikipedia.org/wiki/James_Monroe_Iglehart,California State University,,,11,7,31,6,32
Christian Borle,2022,Some Like It Hot,https://en.wikipedia.org/wiki/Christian_Borle,Carnegie Mellon University,,,33,6,27,33,0
Emily Skinner,2023,"New York, New York",https://en.wikipedia.org/wiki/Emily_Skinner,Carnegie Mellon University,,,23,,,0,0
Grey Henson,2023,Shucked,https://en.wikipedia.org/wiki/Grey_Henson,Carnegie Mellon University,,,3,,3,3,0
Josh Gad,2011,The Book of Mormon,https://en.wikipedia.org/wiki/Josh_Gad,Carnegie Mellon University,,,2,37,41,22,56
Rory O'Malley,2011,The Book of Mormon,https://en.wikipedia.org/wiki/Rory_O%27Malley,Carnegie Mellon University,,,8,,4,1,3
Susan Heyward,2018,"Harry Potter and the Cursed Child, Parts One and Two",https://en.wikipedia.org/wiki/Susan_Heyward,Carnegie Mellon University,,,5,7,14,17,4
Nathan Salstone,2018,"Harry Potter and the Cursed Child, Parts One and Two",,Carnegie Mellon University,,,4,,,,
Linda Powell,2022,"A Beautiful Noise, The Neil Diamond Musical",https://en.wikipedia.org/wiki/Linda_Powell,College of William and Mary,Circle in the Square Theatre School,"Colin Powell (father)
Alma Johnson (mother)
Michael Powell (brother)",,6,5,9,0
Ben Platt,2023,Parade,https://en.wikipedia.org/wiki/Ben_Platt,Columbia University,,,14,16,11,27,0
Denise Faye,1996,Chicago,https://en.wikipedia.org/wiki/Denise_Faye,Columbia University,"(Barnard College, )",,14,,,0,0
Jane Lynch,2022,Funny Girl,https://en.wikipedia.org/wiki/Jane_Lynch,Cornell University,Illinois State University,,,,,0,0
Adam Godley,2023,Once Upon a One More Time,https://en.wikipedia.org/wiki/Adam_Godley,didn't go to college,,,17,16,46,62,0
Alex Newell,2023,Shucked,https://en.wikipedia.org/wiki/Alex_Newell,didn't go to college,,,4,,,0,0
Alex Price,2018,"Harry Potter and the Cursed Child, Parts One and Two",https://en.wikipedia.org/wiki/Alex_Price,didn't go to college,,,0,7,19,24,2
Ann Reinking,1996,Chicago,https://en.wikipedia.org/wiki/Ann_Reinking,didn't go to college,,,29,4,3,7,0
Ariana DeBose,2015,Hamilton,https://en.wikipedia.org/wiki/Ariana_DeBose,didn't go to college,,,12,11,8,2,17
Brooklyn Shuck,2018,"Harry Potter and the Cursed Child, Parts One and Two",https://en.wikipedia.org/wiki/Brooklyn_Shuck,didn't go to college,,,7,,2,0,0
Carole Shelley,2003,Wicked,https://en.wikipedia.org/wiki/Carole_Shelley,didn't go to college,,,,22,10,27,3
Caroline Innerbichler,2023,Shucked,https://en.wikipedia.org/wiki/Caroline_Innerbichler,didn't go to college,,,20,,,0,0
Clyde Alves,2023,"New York, New York",https://en.wikipedia.org/wiki/Clyde_Alves,didn't go to college,,,19,,,0,0
Colleen Fitzpatrick,2022,Kimberly Akimbo,https://en.wikipedia.org/wiki/Colleen_Fitzpatrick,didn't go to college,,,33,,,0,0
David Krumholtz,2022,Leopoldstadt,https://en.wikipedia.org/wiki/David_Krumholtz,didn't go to college,,,4,52,54,99,5
Ericka Hunter,2019,Moulin Rouge! The Musical,https://en.wikipedia.org/wiki/Ericka_Hunter,didn't go to college,,,15,4,4,5,3
Eva Noblezada,2019,Hadestown,https://en.wikipedia.org/wiki/Eva_Noblezada,didn't go to college,,Annette Calud (aunt),4,4,1,1,3
Gaten Matarazzo,2023,Sweeney Todd,https://en.wikipedia.org/wiki/Gaten_Matarazzo,didn't go to college,,,8,3,9,12,0
Glenn Fitzgerald,2023,The Sign in Sidney Brustein's Window,https://en.wikipedia.org/wiki/Glenn_Fitzgerald,didn't go to college,,,,23,18,39,0
Jeremiah James,2022,Funny Girl,https://en.wikipedia.org/wiki/Jeremiah_James,didn't go to college,,,3,,,0,0
Jodie Comer,2023,Prima Facie,https://en.wikipedia.org/wiki/Jodie_Comer,didn't go to college,,,2,6,23,29,0
Joel Grey,1996,Chicago,https://en.wikipedia.org/wiki/Joel_Grey,didn't go to college,,"Mickey Katz (father)
Ronald A. Katz (brother)",21,21,54,51,24
Jonathan Groff,2015,Hamilton,https://en.wikipedia.org/wiki/Jonathan_Groff,didn't go to college,,,23,19,18,16,21
Jordan Fisher,2023,Sweeney Todd,https://en.wikipedia.org/wiki/Jordan_Fisher,didn't go to college,,,6,7,8,15,0
Josh Groban,2023,Sweeney Todd,https://en.wikipedia.org/wiki/Josh_Groban,didn't go to college,,,3,5,31,36,0
Justin Cooley,2022,Kimberly Akimbo,https://en.wikipedia.org/wiki/Justin_Cooley,didn't go to college,,,2,,,0,0
Kevyn Morrow,2019,Moulin Rouge! The Musical,https://en.wikipedia.org/wiki/Kevyn_Morrow,didn't go to college,,,,7,18,18,7
Leigh Zimmerman,1996,Chicago,https://en.wikipedia.org/wiki/Leigh_Zimmerman,didn't go to college,,,,10,10,1,18
Marcia Lewis,1996,Chicago,https://en.wikipedia.org/wiki/Marcia_Lewis,didn't go to college,,,11,,,0,0
Max Casella,1997,The Lion King,https://en.wikipedia.org/wiki/Max_Casella,didn't go to college,,,,34,30,12,52
Melanie La Barrie,2022,& Juliet,https://en.wikipedia.org/wiki/Melanie_La_Barrie,didn't go to college,,,12,,,2,0
Mia Sinclair Jenness,2023,Grey House,https://en.wikipedia.org/wiki/Mia_Sinclair_Jenness,didn't go to college,,Emily Bauer (mother),1,,,0,0
Michael Berresse,1996,Chicago,https://en.wikipedia.org/wiki/Michael_Berresse,didn't go to college,,,19,5,,0,5
Millicent Simmonds,2023,Grey House,https://en.wikipedia.org/wiki/Millicent_Simmonds,didn't go to college,,,1,4,2,6,0
Neil Haskell,2015,Hamilton,https://en.wikipedia.org/wiki/Neil_Haskell,didn't go to college,,,,1,1,0,2
Neil Patrick Harris,2023,Peter Pan Goes Wrong,https://en.wikipedia.org/wiki/Neil_Patrick_Harris,didn't go to college,La Cueva High School,,18,32,79,108,3
Ramin Karimloo,2022,Funny Girl,https://en.wikipedia.org/wiki/Ramin_Karimloo,didn't go to college,,,38,10,4,12,1
Ryan Steele,2023,Once Upon a One More Time,https://en.wikipedia.org/wiki/Ryan_Steele,didn't go to college,,,6,3,5,8,0
Sahr Ngaujah,2019,Moulin Rouge! The Musical,https://en.wikipedia.org/wiki/Sahr_Ngaujah,didn't go to college,,,7,17,11,24,3
Sam Clemmett,2018,"Harry Potter and the Cursed Child, Parts One and Two",https://en.wikipedia.org/wiki/Sam_Clemmett,didn't go to college,,,6,6,6,8,4
Sophia Anne Caruso,2023,Grey House,https://en.wikipedia.org/wiki/Sophia_Anne_Caruso,didn't go to college,,,11,3,5,6,0
William Youmans,2003,Wicked,https://en.wikipedia.org/wiki/William_Youmans,didn't go to college,,Vincent Youmans (great-uncle),34,3,4,5,2
Taylor Trensch,2023,Camelot,https://en.wikipedia.org/wiki/Taylor_Trensch,Elon University,,,20,,,0,0
Janet Dacal,2023,"New York, New York",https://en.wikipedia.org/wiki/Janet_Dacal,Florida International University,,,,,,0,0
Ephraim Sykes,2015,Hamilton,https://en.wikipedia.org/wiki/Ephraim_Sykes,Fordham University,,"Martina Sykes (sister, not as famous)",7,,,0,0
Emily Bergl,2023,"Good Night, Oscar",https://en.wikipedia.org/wiki/Emily_Bergl,Grinnell College,,,,12,35,47,0
Tam Mutu,2019,Moulin Rouge! The Musical,https://en.wikipedia.org/wiki/Tam_Mutu,Guildford School of Acting,,,24,,7,7,0
Laurie Metcalf,2023,Grey House,https://en.wikipedia.org/wiki/Laurie_Metcalf,Illinois State University,,,,,,0,0
Sean Hayes,2023,"Good Night, Oscar",https://en.wikipedia.org/wiki/Sean_Hayes,Illinois State University,,,5,19,38,57,0
Aaron Tveit,2019,Moulin Rouge! The Musical,https://en.wikipedia.org/wiki/Aaron_Tveit,Ithaca College,,,20,12,14,22,2
Michelle Federer,2003,Wicked,https://en.wikipedia.org/wiki/Michelle_Federer,Ithaca College,,,,5,9,1,12
Eddie Cooper,2023,Parade,https://en.wikipedia.org/wiki/Eddie_Cooper,Ithaca College,,,3,,,0,0
Bebe Neuwirth,1996,Chicago,https://en.wikipedia.org/wiki/Bebe_Neuwirth,Juilliard School,,,24,28,46,19,55
Ben Rappaport,2023,"Good Night, Oscar",https://en.wikipedia.org/wiki/Ben_Rappaport,Juilliard School,,,,5,11,16,0
Betsy Struxness,2015,Hamilton,https://en.wikipedia.org/wiki/Betsy_Struxness,Juilliard School,,,12,,,0,0
Oscar Isaac,2023,The Sign in Sidney Brustein's Window,https://en.wikipedia.org/wiki/Oscar_Isaac,Juilliard School,Miami Dade College,Nicole Hernandez Hammer (sister),,,,0,0
Phillipa Soo,2015,Hamilton,https://en.wikipedia.org/wiki/Phillipa_Soo,Juilliard School,,,12,10,6,3,13
Seth Numrich,2022,Leopoldstadt,https://en.wikipedia.org/wiki/Seth_Numrich,Juilliard School,,,,,,0,0
Steven Boyer,2022,Kimberly Akimbo,https://en.wikipedia.org/wiki/Steven_Boyer,Juilliard School,,,12,14,24,36,2
Tom Alan Robbins,1997,The Lion King,https://en.wikipedia.org/wiki/Tom_Alan_Robbins,Juilliard School,,,,2,14,9,5
Henry Shields,2023,Peter Pan Goes Wrong,https://en.wikipedia.org/wiki/Henry_Shields,London Academy of Music and Dramatic Art (LAMDA),"(, Cranbrook School, Kent)",,,,,0,0
Andrew Rannells,2011,The Book of Mormon,https://en.wikipedia.org/wiki/Andrew_Rannells,Marymount Manhattan College,,,14,10,46,18,38
Annaleigh Ashford,2023,Sweeney Todd,https://en.wikipedia.org/wiki/Annaleigh_Ashford,Marymount Manhattan College,,,16,13,33,44,2
Emmy Raver-Lampman,2015,Hamilton,https://en.wikipedia.org/wiki/Emmy_Raver-Lampman,Marymount Manhattan College,,,8,6,9,0,15
Justin Guarini,2023,Once Upon a One More Time,https://en.wikipedia.org/wiki/Justin_Guarini,New York Conservatory for Dramatic Arts (NYCDA),,,,,4,3,0
Alli Mauzey,2022,Kimberly Akimbo,https://en.wikipedia.org/wiki/Alli_Mauzey,New York University,,,,,,0,0
Amber Gray,2019,Hadestown,https://en.wikipedia.org/wiki/Amber_Gray,New York University,Boston University,,27,5,5,5,5
André De Shields,2019,Hadestown,https://en.wikipedia.org/wiki/Andr%C3%A9_De_Shields,New York University,"Baltimore City College
Wilmington College
University of Wisconsin, Madison",,,,,0,0
Arielle Jacobs,2023,Here Lies Love,https://en.wikipedia.org/wiki/Arielle_Jacobs,New York University,,,10,,,0,0
Asmeret Ghebremichael,2011,The Book of Mormon,https://en.wikipedia.org/wiki/Asmeret_Ghebremichael,New York University,,,10,5,7,6,7
Brandon Uranowitz,2022,Leopoldstadt,https://en.wikipedia.org/wiki/Brandon_Uranowitz,New York University,,,12,4,9,11,2
Idina Menzel,2003,Wicked,https://en.wikipedia.org/wiki/Idina_Menzel,New York University,,,16,20,30,3,47
Javier Muñoz,2015,Hamilton,https://en.wikipedia.org/wiki/Javier_Mu%C3%B1oz,New York University,,,3,4,7,2,9
Jay Armstrong Johnson,2023,Parade,https://en.wikipedia.org/wiki/Jay_Armstrong_Johnson,New York University,,,24,1,5,4,0
Julie Benko,2022,Funny Girl,https://en.wikipedia.org/wiki/Julie_Benko,New York University,,,11,,,1,0
Kevin Cahoon,1997,The Lion King,https://en.wikipedia.org/wiki/Kevin_Cahoon,New York University,,,,4,3,1,6
Manoel Felciano,2023,Parade,https://en.wikipedia.org/wiki/Manoel_Felciano,New York University,Yale University,,,1,5,6,0
Marchánt Davis,2023,"Good Night, Oscar",https://en.wikipedia.org/wiki/March%C3%A1nt_Davis,New York University,,,4,2,,0,0
Paul Sparks,2023,Grey House,https://en.wikipedia.org/wiki/Paul_Sparks,New York University,,,11,26,21,47,0
Rachel Brosnahan,2023,The Sign in Sidney Brustein's Window,https://en.wikipedia.org/wiki/Rachel_Brosnahan,New York University,,Kate Spade (aunt),4,25,20,44,1
Victoria Clark,2022,Kimberly Akimbo,https://en.wikipedia.org/wiki/Victoria_Clark,New York University,Yale University,,,10,15,25,0
Adam Jacobs,2014,Aladdin,https://en.wikipedia.org/wiki/Adam_Jacobs,New York University,,,9,7,3,4,6
Khori Michelle Petinaud,2014,Aladdin,,New York University,,,5,,,,
Betsy Aidem,2022,Leopoldstadt,https://en.wikipedia.org/wiki/Betsy_Aidem,New York University,,,16,,,0,0
Dakin Matthews,2023,Camelot,https://en.wikipedia.org/wiki/Dakin_Matthews,New York University,,,18,43,29,72,0
Jared Gertner,2011,The Book of Mormon,https://en.wikipedia.org/wiki/Jared_Gertner,New York University,,,,0,9,3,6
Nikki M. James,2011,The Book of Mormon,https://en.wikipedia.org/wiki/Nikki_M_James,New York University,,,21,6,21,7,20
Ruthie Ann Miles,2023,Sweeney Todd,https://en.wikipedia.org/wiki/Ruthie_Ann_Miles,New York University,,,14,1,4,4,0
Ryann Redmond,2023,Once Upon a One More Time,https://en.wikipedia.org/wiki/Ryann_Redmond,New York University,,,20,1,3,4,0
Timothy Hughes,2019,Hadestown,,New York University,,,5,,,,
Angie Schworer,2022,Some Like It Hot,https://en.wikipedia.org/wiki/Angie_Schworer,Northern Kentucky University,,,,,,0,0
Alex Weisman,2018,"Harry Potter and the Cursed Child, Parts One and Two",https://en.wikipedia.org/wiki/Alex_Weisman,Northwestern University,,Robin Weisman (sister),1,,,0,0
Madeline Weinstein,2018,"Harry Potter and the Cursed Child, Parts One and Two",https://en.wikipedia.org/wiki/Madeline_Weinstein,Northwestern University,,,4,4,5,7,2
Michael McCormick,2022,"A Beautiful Noise, The Neil Diamond Musical",https://en.wikipedia.org/wiki/Michael_McCormick,Northwestern University,,,18,,,0,0
Peter Grosz,2023,"Good Night, Oscar",https://en.wikipedia.org/wiki/Peter_Grosz,Northwestern University,,,1,9,22,31,0
Bonnie Milligan,2022,Kimberly Akimbo,https://en.wikipedia.org/wiki/Bonnie_Milligan,Ohio State,,,2,,,0,0
Jonathan Freeman,2014,Aladdin,https://en.wikipedia.org/wiki/Jonathan_Freeman,Ohio University,,,46,14,20,26,8
Benjamin Rivera,2019,Moulin Rouge! The Musical,,Oklahoma City University,,,3,,,,
Kristin Chenoweth,2003,Wicked,https://en.wikipedia.org/wiki/Kristin_Chenoweth,Oklahoma City University,,,,31,45,10,66
Sasha Hutchings,2015,Hamilton,https://en.wikipedia.org/wiki/Sasha_Hutchings,Oklahoma City University,,,13,2,8,1,8
Jordan Donica,2023,Camelot,https://en.wikipedia.org/wiki/Jordan_Donica,Otterbein University,,,13,,3,3,0
Paul Alexander Nolan,2023,Parade,https://en.wikipedia.org/wiki/Paul_Alexander_Nolan,Randolph College for the Performing Arts,,,0,4,5,9,0
Courtney Reed,2014,Aladdin,https://en.wikipedia.org/wiki/Courtney_Reed,Roosevelt University,,,,4,6,7,3
Hiran Abeysekera,2023,Life of Pi,https://en.wikipedia.org/wiki/Hiran_Abeysekera,Royal Academy of Dramatic Art (RADA),,,15,2,6,8,0
Jamie Parker,2018,"Harry Potter and the Cursed Child, Parts One and Two",https://en.wikipedia.org/wiki/Jamie_Parker,Royal Academy of Dramatic Art (RADA),,,25,5,17,20,2
Anthony Boyle,2018,"Harry Potter and the Cursed Child, Parts One and Two",https://en.wikipedia.org/wiki/Anthony_Boyle,Royal Welsh College of Music and Drama,,,7,6,8,5,9
Jon Rua,2015,Hamilton,https://en.wikipedia.org/wiki/Jon_Rua,Rutgers University,,,0,6,6,,
Martin Moran,2022,Funny Girl,https://en.wikipedia.org/wiki/Martin_Moran,Stanford University,,,17,,,0,0
Anna Uzele,2021,Six,,Texas State University,,,5,,,,
Andrea Macasaet,2021,Six,https://en.wikipedia.org/wiki/Andrea_Macasaet,The Canadian College of Performing Arts,,,10,1,,1,0
Norbert Leo Butz,2003,Wicked,https://en.wikipedia.org/wiki/Norbert_Leo_Butz,University of Alabama,Webster University,,20,17,20,5,32
John Vickery,1997,The Lion King,https://en.wikipedia.org/wiki/John_Vickery,"University of California, Davis",,,6,,,0,0
Daisuke Tsuji,2023,Life of Pi,https://en.wikipedia.org/wiki/Daisuke_Tsuji,"University of California, Los Angeles",,,1,5,10,15,0
Geraldine Hughes,2018,"Harry Potter and the Cursed Child, Parts One and Two",https://en.wikipedia.org/wiki/Geraldine_Hughes,"University of California, Los Angeles",,,9,12,11,19,2
Danny Burstein,2019,Moulin Rouge! The Musical,https://en.wikipedia.org/wiki/Danny_Burstein,"University of California, San Diego","City University of New York, Queens",,27,22,41,46,16
Howard McGillin,2023,Parade,https://en.wikipedia.org/wiki/Howard_McGillin,"University of California, Santa Barbara",,,21,,,0,0
Poppy Miller,2018,"Harry Potter and the Cursed Child, Parts One and Two",https://en.wikipedia.org/wiki/Poppy_Miller,University of Cambridge,,,1,5,23,26,2
Betsy Wolfe,2022,& Juliet,https://en.wikipedia.org/wiki/Betsy_Wolfe,University of Cincinnati College-Conservatory of Music,,,22,4,2,7,0
Karen Olivo,2019,Moulin Rouge! The Musical,https://en.wikipedia.org/wiki/Karen_Olivo,University of Cincinnati College-Conservatory of Music,,,17,,,0,0
Kristy Cates,2003,Wicked,https://en.wikipedia.org/wiki/Kristy_Cates,University of Cincinnati College-Conservatory of Music,,,9,,,0,0
Lewis Cleale,2011,The Book of Mormon,https://en.wikipedia.org/wiki/Lewis_Cleale,University of Miami,,,18,,,0,0
Lorna Courtney,2022,& Juliet,https://en.wikipedia.org/wiki/Lorna_Courtney,University of Michigan,,,5,,,0,0
Brooke Dillman,2023,Once Upon a One More Time,https://en.wikipedia.org/wiki/Brooke_Dillman,University of Missouri,,,,13,38,51,0
Adrianna Hicks,2021,Six,https://en.wikipedia.org/wiki/Adrianna_Hicks,University of Oklahoma,,,10,,,0,0
Quentin Earl Darrington,2022,MJ The Musical,https://en.wikipedia.org/wiki/Quentin_Earl_Darrington,University of South Florida,,,9,,,0,0
Briga Heelan,2023,Once Upon a One More Time,https://en.wikipedia.org/wiki/Briga_Heelan,University of Southern California,,,,4,4,8,0
Erica Dasher,2022,Leopoldstadt,https://en.wikipedia.org/wiki/Erica_Dasher,University of Southern California,,,4,8,7,15,0
Renée Elise Goldsberry,2015,Hamilton,https://en.wikipedia.org/wiki/Ren%C3%A9e_Elise_Goldsberry,University of Southern California,Carnegie Mellon University,,12,12,33,26,19
Stark Sands,2022,& Juliet,https://en.wikipedia.org/wiki/Stark_Sands,University of Southern California,,,11,15,12,27,0
Reeve Carney,2019,Hadestown,https://en.wikipedia.org/wiki/Reeve_Carney,University of Southern California,,Art Carney (great-uncle),3,7,5,10,1
Conrad Ricamora,2023,Here Lies Love,https://en.wikipedia.org/wiki/Conrad_Ricamora,University of Tennessee,Queens University of Charlotte,,9,4,4,6,0
Kelli Barrett,2023,Parade,https://en.wikipedia.org/wiki/Kelli_Barrett,University of the Arts,,,7,8,21,29,0
Sara Topham,2022,Leopoldstadt,https://en.wikipedia.org/wiki/Sara_Topham,University of Victoria,,,25,,,0,0
Sean Allan Krill,2023,Parade,https://en.wikipedia.org/wiki/Sean_Allan_Krill,Wayne State University,,,13,4,5,8,1
Michael James Scott,2011,The Book of Mormon,https://en.wikipedia.org/wiki/Michael_James_Scott,Webster University,,,25,3,4,1,6
Beanie Feldstein,2022,Funny Girl,https://en.wikipedia.org/wiki/Beanie_Feldstein,Wesleyan University,,Jonah Hill (brother),2,8,15,20,2
Lin-Manuel Miranda,2015,Hamilton,https://en.wikipedia.org/wiki/Lin-Manuel_Miranda,Wesleyan University,,"Luis A. Miranda Jr. (father)
Luz Towns-Miranda (mother)",15,22,36,17,41
John Behlmann,2023,Shucked,https://en.wikipedia.org/wiki/John_Behlmann,Wesleyan University,,,,10,10,20,0
Lauren Zakrin,2023,Once Upon a One More Time,https://en.wikipedia.org/wiki/Lauren_Zakrin,Western Michigan University,,,14,,,2,0
Patrick Page,2019,Hadestown,https://en.wikipedia.org/wiki/Patrick_Page,Whitman College,,,25,6,15,15,4
Andrew Burnap,2023,Camelot,https://en.wikipedia.org/wiki/Andrew_Burnap,Yale University,University of Rhode Island,,6,5,6,9,2
Brian Tyree Henry,2011,The Book of Mormon,https://en.wikipedia.org/wiki/Brian_Tyree_Henry,Yale University,Morehouse College,,7,0,17,3,14
James Naughton,1996,Chicago,https://en.wikipedia.org/wiki/James_Naughton,Yale University,Brown University,"David Naughton (brother, younger)",,,,0,0
Amber Ardolino,2019,Moulin Rouge! The Musical,,,,,7,,,,
Brandt Martinez,2014,Aladdin,,,,,11,,,,
Darius Wright,2022,MJ The Musical,,,,,6,,,,
James Romney,2018,"Harry Potter and the Cursed Child, Parts One and Two",,,,,6,,,,
Jaygee Macapugay,2023,Shucked,,,,,4,,,,
Jeigh Madjus,2019,Moulin Rouge! The Musical,,,,,4,,,,
Jessie Fisher,2018,"Harry Potter and the Cursed Child, Parts One and Two",,,,,5,,,,
Morgan Marcell,2015,Hamilton,,,,,10,,,,
Rema Webb,2011,The Book of Mormon,,,,,18,,,,
"Aaron ""AJ"" Mercado",2023,Here Lies Love,,,,,,,,,
Aaron Alcaraz,2023,Here Lies Love,,,,,,,,,
Aaron C. Finley,2019,Moulin Rouge! The Musical,,,,,,,,,
Aaron James McKenzie,2022,"A Beautiful Noise, The Neil Diamond Musical",,,,,,,,,
Aaron Neil,2022,Leopoldstadt,,,,,,,,,
Aaron Nicholas Patterson,2023,"New York, New York",,,,,,,,,
Aaron Shuf,2022,Leopoldstadt,,,,,,,,,
Abby Matsusaka,2022,Some Like It Hot,,,,,,,,,
Abby Mueller,2021,Six,,,,,,,,,
Adam Heller,2022,Some Like It Hot,,,,,,,,,
Adam Kaokept,2014,Aladdin,,,,,,,,,
Adeola Role,2018,"Harry Potter and the Cursed Child, Parts One and Two",,,,,,,,,
Adi Dixit,2023,Life of Pi,,,,,,,,,
Adrianna Mitchell,2023,Fat Ham,,,,,,,,,
Afra Hines,2019,Hadestown,,,,,25,,,,
Ahmad Simmons,2019,Hadestown,,,,,,,,,
Aisha Jackson,2023,Once Upon a One More Time,,,,,,,,,
Akina Kitazawa,2023,"New York, New York",,,,,,,,,
Alaina Vi Maderal,2022,& Juliet,,,,,,,,,
Alan Wiggins,2023,Shucked,,,,,,,,,
Alanna Saunders,2018,"Harry Potter and the Cursed Child, Parts One and Two",,,,,,,,,
Alberto Cruz Jr.,1997,The Lion King,,,,,,,,,
Aleks Pevec,2014,Aladdin,,,,,,,,,
Alex Hairston,2022,"A Beautiful Noise, The Neil Diamond Musical",,,,,,,,,
Alex Joseph Grayson,2023,Parade,,,,,,,,,
Alex Prakken,2023,"New York, New York",,,,,,,,,
Alex Vinh,2022,Kimberly Akimbo,,,,,,,,,
Alexandria Lewis,2023,Fat Ham,,,,,,,,,
Aliah James,2022,Funny Girl,,,,,,,,,
Alicia Kaori,2023,Sweeney Todd,,,,,,,,,
Alicia Lundgren,2022,Funny Girl,,,,,,,,,
Allison Blackwell,2023,"New York, New York",,,,,,,,,
Alysha Deslorieux,2015,Hamilton,,,,,,,,,
Alyssa Emily Marvin,2023,Grey House,,,,,,,,,
Amber Owens,2022,Some Like It Hot,,,,,,,,,
Amy Hillner Larsen,2023,Once Upon a One More Time,,,,,,,,,
Andrew Cao,2014,Aladdin,,,,,,,,,
Andrew Chappelle,2015,Hamilton,,,,,,,,,
Andrew Durand,2023,Shucked,,,,,,,,,
Andrew Long,2018,"Harry Potter and the Cursed Child, Parts One and Two",,,,,,,,,
Andrew Palermo,2003,Wicked,,,,,,,,,
Andrew Wilson,2023,Life of Pi,,,,,,,,,
Andy Grotelueschen,2023,The Sign in Sidney Brustein's Window,,,,,,,,,
Andy Pellick,2003,Wicked,,,,,,,,,
Angel Sigala,2023,"New York, New York",,,,,,,,,
Angela Reed,2018,"Harry Potter and the Cursed Child, Parts One and Two",,,,,,,,,
Angelo Soriano,2023,Here Lies Love,,,,,,,,,
Ann Sanders,2023,Camelot,,,,,,,,,
Anthony Michael Lopez,2023,Camelot,,,,,,,,,
Anthony Rosenthal,2022,Leopoldstadt,,,,,,,,,
Antoine L. Smith,2022,MJ The Musical,,,,,,,,,
Apollo Levine,2022,MJ The Musical,,,,,,,,,
Aramie Payton,2022,MJ The Musical,,,,,,,,,
Ariel Reid,2014,Aladdin,,,,,,,,,
Arty Froushan,2022,Leopoldstadt,,,,,,,,,
Ashi K. Smythe,1997,The Lion King,,,,,,,,,
Ashley Blair Fitzgerald,2023,"New York, New York",,,,,,,,,
Ashley Chiu,2023,Once Upon a One More Time,,,,,,,,,
Ashley D. Kelley,2023,Shucked,,,,,,,,,
Ashley Elizabeth Hale,2022,Some Like It Hot,,,,,,,,,
Ashley Loren,2019,Moulin Rouge! The Musical,,,,,,,,,
Ashlyn Maddox,2023,Parade,,,,,,,,,
Aubrey Lynch II,1997,The Lion King,,,,,,,,,
Audrey Cardwell,2023,Shucked,,,,,,,,,
Aurelia Williams,2023,Parade,,,,,,,,,
Austin Smith,2015,Hamilton,,,,,,,,,
Ava Michele Hyl,2022,Leopoldstadt,,,,,,,,,
Avery Glymph,2023,Life of Pi,,,,,,,,,
Ayana George,2022,MJ The Musical,,,,,,,,,
Bahiyah Hibah,2019,Moulin Rouge! The Musical,,,,,,,,,
Bailee Endebrock,2023,Parade,,,,,,,,,
Ben Cameron,2003,Wicked,,,,,,,,,
Ben Davis,2023,"New York, New York",,,,,,,,,
Ben Jackson Walker,2022,& Juliet,,,,,,,,,
Benja Kay Thomas,2023,Fat Ham,,,,,,,,,
Benjamin Schrader,2011,The Book of Mormon,,,,,,,,,
Benjamin Wheelwright,2018,"Harry Potter and the Cursed Child, Parts One and Two",,,,,,,,,
Beth Kirkpatrick,2023,Parade,,,,,,,,,
Betsy Rosen,2023,Life of Pi,,,,,,,,,
Bianca Horn,2023,Peter Pan Goes Wrong,,,,,,,,,
Billy Eugene Jones,2023,Fat Ham,,,,,,,,,
"Bobby ""Pocket"" Horner",2022,& Juliet,,,,,,,,,
Bobby Pestka,2014,Aladdin,,,,,,,,,
Brandon Antonio,2022,& Juliet,,,,,,,,,
Brandon O'Neill,2014,Aladdin,,,,,,,,,
Brenann Stacker,2023,Peter Pan Goes Wrong,,,,,,,,,
Brendon Stimson,2022,Some Like It Hot,,,,,,,,,
Bri Sudia,2022,"A Beautiful Noise, The Neil Diamond Musical",,,,,,,,,
Brian Abraham,2018,"Harry Potter and the Cursed Child, Parts One and Two",,,,,,,,,
Brian Gonzales,2014,Aladdin,,,,,,,,,
Brian Martin,2022,Some Like It Hot,,,,,,,,,
Brian Sears,2011,The Book of Mormon,,,,,,,,,
Brian Thomas Abraham,2023,Life of Pi,,,,,,,,,
Brinie Wallace,2022,"A Beautiful Noise, The Neil Diamond Musical",,,,,,,,,
Britney Nicole Simpson,2023,Camelot,,,,,,,,,
Brittany Nicholas,2022,& Juliet,,,,,,,,,
Brittney Mack,2021,Six,,,,,,,,,
Brontë England-Nelson,2023,The Sign in Sidney Brustein's Window,,,,,,,,,
Bruce Anthony Davis,1996,Chicago,,,,,,,,,
Bryan J. Cortés,2023,"New York, New York",,,,,,,,,
Bud Weber,2014,Aladdin,,,,,,,,,
Byron Jennings,2018,"Harry Potter and the Cursed Child, Parts One and Two",,,,,,,,,
Caitlin Carter,1996,Chicago,,,,,,,,,
Caleb Marshall,2019,Moulin Rouge! The Musical,,,,,,,,,
Calvin James Davis,2022,Leopoldstadt,,,,,,,,,
Calvin Leon Smith,2023,Fat Ham,,,,,,,,,
Camden McKinnon,2023,Camelot,,,,,,,,,
Camille M. Brown,1997,The Lion King,,,,,,,,,
Carina-Kay Louchiey,2022,MJ The Musical,,,,,,,,,
Carleigh Bettiol,2015,Hamilton,,,,,,,,,
Carol Angeli,2023,Here Lies Love,,,,,,,,,
Caroline Fairweather,2023,Parade,,,,,,,,,
Casey Garvin,2022,Some Like It Hot,,,,,,,,,
Celia Mei Rubin,2023,Life of Pi,,,,,,,,,
Charles South,2022,Some Like It Hot,,,,,,,,,
Charlie Russell,2023,Peter Pan Goes Wrong,,,,,,,,,
Charlie Webb,2023,Parade,,,,,,,,,
Charlotte Graham,2022,Leopoldstadt,,,,,,,,,
Chase Ramsey,2011,The Book of Mormon,,,,,,,,,
Chris Herbie Holland,2023,Fat Ham,,,,,,,,,
Chris Leask,2023,Peter Pan Goes Wrong,,,,,,,,,
Christian Mark Gibbs,2023,Camelot,,,,,,,,,
Christian Wilson,2022,MJ The Musical,,,,,,,,,
Christine Yasunaga,1997,The Lion King,,,,,,,,,
Christopher Gurr,2023,Parade,,,,,,,,,
Christopher James Stevens,2022,Leopoldstadt,,,,,,,,,
Claire Karpen,2023,Grey House,,,,,,,,,
Clark Johnsen,2011,The Book of Mormon,,,,,,,,,
Colby Kipnes,2023,Grey House,,,,,,,,,
Colin Bradbury,2022,Funny Girl,,,,,,,,,
Colleen Litchfield,2022,Leopoldstadt,,,,,,,,,
Corey Brill,2022,Leopoldstadt,,,,,,,,,
Corinne McFadden,2003,Wicked,,,,,,,,,
Courtnee Carter,2023,Parade,,,,,,,,,
Courtney Mack,2021,Six,,,,,,,,,
Cristy Candler,2003,Wicked,,,,,,,,,
Cyndi Coyne,2023,Grey House,,,,,,,,,
D. Sabella,1996,Chicago,,,,,,,,,
Daisy Hobbs,2014,Aladdin,,,,,,,,,
Dani Arlington,2023,Prima Facie,,,,,,,,,
Daniel Beeman,2022,Funny Girl,,,,,,,,,
Daniel Cantor,2022,Leopoldstadt,,,,,,,,,
Daniel J. Maldonado,2022,& Juliet,,,,,,,,,
Daniel Reece,2023,Grey House,,,,,,,,,
Daniel Torres,2023,Sweeney Todd,,,,,,,,,
Danielle Kelsey,2022,Funny Girl,,,,,,,,,
Danielle Lee Greaves,2023,Parade,,,,,,,,,
Danny Wolohan,2023,Camelot,,,,,,,,,
Darlesia Cearcy,2011,The Book of Mormon,,,,,,,,,
Dave Register,2018,"Harry Potter and the Cursed Child, Parts One and Two",,,,,,,,,
David Abeles,2018,"Harry Potter and the Cursed Child, Parts One and Two",,,,,,,,,
David Hughey,2023,Camelot,,,,,,,,,
David Shih,2023,Life of Pi,,,,,,,,,
David St. Louis,2018,"Harry Potter and the Cursed Child, Parts One and Two",,,,,,,,,
David Warren-Gibson,1996,Chicago,,,,,,,,,
Davis Wayne,2023,"New York, New York",,,,,,,,,
Dayna Marie Quincy,2023,"New York, New York",,,,,,,,,
Debra Cardona,2022,Funny Girl,,,,,,,,,
DeLaney Westfall,2023,Sweeney Todd,,,,,,,,,
Delphi Borich,2023,Camelot,,,,,,,,,
DeMarius R. Copes,2022,Some Like It Hot,,,,,,,,,
Dennis Stowe,2014,Aladdin,,,,,,,,,
Derrick Williams,2003,Wicked,,,,,,,,,
Devin Trey Campbell,2022,MJ The Musical,,,,,,,,,
Devon Hadsell,2022,Some Like It Hot,,,,,,,,,
Diana Vaden,2023,Once Upon a One More Time,,,,,,,,,
Don Darryl Rivera,2014,Aladdin,,,,,,,,,
Donald Jones Jr.,2014,Aladdin,,,,,,,,,
Douglas Lyons,2023,Parade,,,,,,,,,
Drew Redington,2023,"New York, New York",,,,,,,,,
Drew Squire,2022,Leopoldstadt,,,,,,,,,
Dwayne Clark,2023,Shucked,,,,,,,,,
Dwayne Cooper,2023,Sweeney Todd,,,,,,,,,
Dylan Paul,2019,Moulin Rouge! The Musical,,,,,,,,,
Dylan S. Wallach,2022,Leopoldstadt,,,,,,,,,
Eamon Patrick O'Connell,2023,Grey House,,,,,,,,,
Eden Epstein,2022,Leopoldstadt,,,,,,,,,
Edward James Hyland,2018,"Harry Potter and the Cursed Child, Parts One and Two",,,,,,,,,
Edwin Joseph,2023,Camelot,,,,,,,,,
Ellie Morris,2023,Peter Pan Goes Wrong,,,,,,,,,
Emily Rose DeMartino,2023,Parade,,,,,,,,,
Emma Safiyah Haeri,2023,Grey House,,,,,,,,,
Endalyn Taylor-Shellman,1997,The Lion King,,,,,,,,,
Ephie Aardema,2022,Funny Girl,,,,,,,,,
Erin Rose Doyle,2023,Parade,,,,,,,,,
Erin Rosenfeld,2023,Grey House,,,,,,,,,
Esther Antoine,2022,Some Like It Hot,,,,,,,,,
Eugene Barry-Hill,1997,The Lion King,,,,,,,,,
Evan Kinnane,2019,Moulin Rouge! The Musical,,,,,,,,,
Faca Kulu,1997,The Lion King,,,,,,,,,
Faye Castelow,2022,Leopoldstadt,,,,,,,,,
Felix Torrez-Ponce,2023,Sweeney Todd,,,,,,,,,
Fergie Philippe,2023,Camelot,,,,,,,,,
Fernell Hogan,2022,Kimberly Akimbo,,,,,,,,,
Florrie Bagel,2023,Parade,,,,,,,,,
Frank Viveros,2023,Camelot,,,,,,,,,
Frank Wright II,1997,The Lion King,,,,,,,,,
Fred Davis,2023,Life of Pi,,,,,,,,,
Fred Odgaard,2019,Moulin Rouge! The Musical,,,,,,,,,
Gabi Campo,2022,Some Like It Hot,,,,,,,,,
Gabriel Ruiz,2022,MJ The Musical,,,,,,,,,
Gabriella Enriquez,2023,"New York, New York",,,,,,,,,
Gabrielle Beckford,2023,Once Upon a One More Time,,,,,,,,,
Galyana Castillo,2023,Sweeney Todd,,,,,,,,,
Geena Quintos,2023,Here Lies Love,,,,,,,,,
Geoff Hoyle,1997,The Lion King,,,,,,,,,
Gina Ferrall,2022,Leopoldstadt,,,,,,,,,
Giovanni Bonaventura,2023,"New York, New York",,,,,,,,,
Graham Bowen,2011,The Book of Mormon,,,,,,,,,
Greg Tannahill,2023,Peter Pan Goes Wrong,,,,,,,,,
Gregory Connors,2023,The Sign in Sidney Brustein's Window,,,,,,,,,
Gus Birney,2023,The Sign in Sidney Brustein's Window,,,,,,,,,
Haley Fish,2023,"New York, New York",,,,,,,,,
Harry Bouvy,2023,Parade,,,,,,,,,
Harry Kershaw,2023,Peter Pan Goes Wrong,,,,,,,,,
Hennessy Winkler,2023,Sweeney Todd,,,,,,,,,
Henry Lewis,2023,Peter Pan Goes Wrong,,,,,,,,,
Holly Gould,2023,Camelot,,,,,,,,,
Holly James,2019,Moulin Rouge! The Musical,,,,,,,,,
Ian Campayno,2022,Some Like It Hot,,,,,,,,,
Ian Liberto,2023,"New York, New York",,,,,,,,,
Ioana Alfonso,2003,Wicked,,,,,,,,,
Iresol Cardona,1997,The Lion King,,,,,,,,,
Isabella Ye,2023,Once Upon a One More Time,,,,,,,,,
J. Harrison Ghee,2022,Some Like It Hot,,,,,,,,,
J. Loeffelholtz,1996,Chicago,,,,,,,,,
Jackson Teeley,2023,Parade,,,,,,,,,
Jacob Burns,2023,Once Upon a One More Time,,,,,,,,,
Jacqueline B. Arnold,2019,Moulin Rouge! The Musical,,,,,,,,,
Jacqueline Jarrold,2022,Leopoldstadt,,,,,,,,,
Jake Pedersen,2023,Parade,,,,,,,,,
Jamie Jackson,2023,Sweeney Todd,,,,,,,,,
Jan Neuberger,2003,Wicked,,,,,,,,,
Japhet Balaban,2022,Leopoldstadt,,,,,,,,,
Jared Grimes,2022,Funny Girl,,,,,,,,,
"Jarvis B. Manning, Jr.",2022,Some Like It Hot,,,,,,,,,
Jasmine Forsberg,2023,Here Lies Love,,,,,,,,,
Jasmine Rafael,2022,& Juliet,,,,,,,,,
Jason Michael Snow,2011,The Book of Mormon,,,,,,,,,
Jaxon Cain Grundleger,2022,Leopoldstadt,,,,,,,,,
Jaz Sealey,2014,Aladdin,,,,,,,,,
Jeanna de Waal,2023,Sweeney Todd,,,,,,,,,
Jeff Williams,2023,"New York, New York",,,,,,,,,
Jenna Augen,2022,Leopoldstadt,,,,,,,,,
Jennifer Josephs,1997,The Lion King,,,,,,,,,
Jennifer Rias,2014,Aladdin,,,,,,,,,
Jenny Hill,2022,Some Like It Hot,,,,,,,,,
Jess Barbagallo,2018,"Harry Potter and the Cursed Child, Parts One and Two",,,,,,,,,
Jess LeProtto,2022,"A Beautiful Noise, The Neil Diamond Musical",,,,,,,,,
Jesse Aaronson,2022,Leopoldstadt,,,,,,,,,
Jessie Shelton,2019,Hadestown,,,,,,,,,
Jewelle Blackman,2019,Hadestown,,,,,,,,,
Jim Borstelmann,1996,Chicago,,,,,,,,,
Jim Hogan,2022,Kimberly Akimbo,,,,,,,,,
Jimmy Brewer,2023,Shucked,,,,,,,,,
Jodi McFadden,2019,Moulin Rouge! The Musical,,,,,,,,,
Joe Moeller,2022,& Juliet,,,,,,,,,
Joey Auzenne,2023,The Sign in Sidney Brustein's Window,,,,,,,,,
Joey LaBrasca,2018,"Harry Potter and the Cursed Child, Parts One and Two",,,,,,,,,
Joey Sorge,2022,MJ The Musical,,,,,,,,,
John Clay III,2023,"New York, New York",,,,,,,,,
John Edwards,2022,MJ The Musical,,,,,,,,,
John Eric Parker,2011,The Book of Mormon,,,,,,,,,
John Krause,2019,Hadestown,,,,,,,,,
John Manzari,2022,Funny Girl,,,,,,,,,
John Michael Fiumara,2022,Funny Girl,,,,,,,,,
John Mineo,1996,Chicago,,,,,,,,,
John Rapson,2023,Sweeney Todd,,,,,,,,,
John Zdrojeski,2023,"Good Night, Oscar",,,,,,,,,
Jon Hoche,2023,Life of Pi,,,,,,,,,
Jonathan Christopher,2023,Sweeney Todd,,,,,,,,,
Jonathan David Martin,2023,Life of Pi,,,,,,,,,
Jonathan Sayer,2023,Peter Pan Goes Wrong,,,,,,,,,
Jonathan Schwartz,2014,Aladdin,,,,,,,,,
Joomin Hwang,2022,& Juliet,,,,,,,,,
Jordan Dobson,2022,"A Beautiful Noise, The Neil Diamond Musical",,,,,,,,,
Josh Tolle,2023,Once Upon a One More Time,,,,,,,,,
Joshua Daniel Johnson,2023,Once Upon a One More Time,,,,,,,,,
Joshua De Jesus,2018,"Harry Potter and the Cursed Child, Parts One and Two",,,,,,,,,
Joshua Satine,2022,Leopoldstadt,,,,,,,,,
Julia Abueva,2023,Here Lies Love,,,,,,,,,
Julian De Niro,2023,The Sign in Sidney Brustein's Window,,,,,,,,,
Julian Ramos,2023,"New York, New York",,,,,,,,,
Julius Williams,2022,Some Like It Hot,,,,,,,,,
Justice Moore,2023,Once Upon a One More Time,,,,,,,,,
Justin Bohon,2011,The Book of Mormon,,,,,,,,,
Justin David Sullivan,2022,& Juliet,,,,,,,,,
Justin Prescott,2022,Funny Girl,,,,,,,,,
K.J. Hippensteel,2022,Some Like It Hot,,,,,,,,,
Kaitlin Mesh,2019,Moulin Rouge! The Musical,,,,,,,,,
Kajuana Shuford,1997,The Lion King,,,,,,,,,
Kali May Grinder,2022,MJ The Musical,,,,,,,,,
Kalonjee Gallimore,2022,"A Beautiful Noise, The Neil Diamond Musical",,,,,,,,,
Kamille Upshaw,2022,MJ The Musical,,,,,,,,,
Karine Plantadit-Bageot,1997,The Lion King,,,,,,,,,
Karli Dinardo,2019,Moulin Rouge! The Musical,,,,,,,,,
Kathryn Meisle,2018,"Harry Potter and the Cursed Child, Parts One and Two",,,,,,,,,
Kathy Deitch,2003,Wicked,,,,,,,,,
Katie Kreisler,2018,"Harry Potter and the Cursed Child, Parts One and Two",,,,,,,,,
Katie Mitchell,2022,Funny Girl,,,,,,,,,
Katya Campbell,2023,The Sign in Sidney Brustein's Window,,,,,,,,,
Kay Trinidad,2019,Hadestown,,,,,,,,,
Kayla Pecchioni,2022,Some Like It Hot,,,,,,,,,
Keirsten Hodgens,2021,Six,,,,,,,,,
Ken Wulf Clark,2023,Shucked,,,,,,,,,
Kevin Bailey,1997,The Lion King,,,,,,,,,
Kevin Del Aguila,2022,Some Like It Hot,,,,,,,,,
Kevin Duda,2011,The Book of Mormon,,,,,,,,,
Kevin Ligon,2023,"New York, New York",,,,,,,,,
Kevin Trinio Perdido,2023,Once Upon a One More Time,,,,,,,,,
Khaila Wilcoxon,2019,Hadestown,,,,,,,,,
Kimberly Marable,2019,Hadestown,,,,,,,,,
Kirstin Louie,2023,Life of Pi,,,,,,,,,
Kisha Howard,2003,Wicked,,,,,,,,,
Kristen Leigh Gorski,2003,Wicked,,,,,,,,,
Kristie Dale Sanders,2023,Sweeney Todd,,,,,,,,,
Kristina Doucette,2023,Here Lies Love,,,,,,,,,
Kristine Covillo,2023,"New York, New York",,,,,,,,,
Kurt Csolak,2022,Funny Girl,,,,,,,,,
Kyle Brown,2019,Moulin Rouge! The Musical,,,,,,,,,
Kyle Robinson,2022,MJ The Musical,,,,,,,,,
Kyrie Courter,2023,Sweeney Todd,,,,,,,,,
Lamont Walker II,2022,MJ The Musical,,,,,,,,,
Lana Gordon,1997,The Lion King,,,,,,,,,
Landon Maas,2018,"Harry Potter and the Cursed Child, Parts One and Two",,,,,,,,,
Lauren Carr,2023,"New York, New York",,,,,,,,,
Lauren Nicole Cipoletti,2018,"Harry Potter and the Cursed Child, Parts One and Two",,,,,,,,,
Lauryn Ciardullo,2014,Aladdin,,,,,,,,,
Lawrence Stallings,2011,The Book of Mormon,,,,,,,,,
Becky Gulsvig,2022,"A Beautiful Noise, The Neil Diamond Musical",https://en.wikipedia.org/wiki/Becky_Gulsvig,,,,11,,,0,0
Lebo M,1997,The Lion King,,,,,,,,,
Leo Moctezuma,2023,"New York, New York",,,,,,,,,
Leslie Blake Walker,2022,Funny Girl,,,,,,,,,
Leslie Donna Flesner,2022,Funny Girl,,,,,,,,,
"Leslie Odom, Jr.",2015,Hamilton,,,,,,,,,
Levensky Smith,1997,The Lion King,,,,,,,,,
Lexi Rabadi,2023,Sweeney Todd,,,,,,,,,
Betsy Morgan,2022,Kimberly Akimbo,https://en.wikipedia.org/wiki/Betsy_Morgan,,,,18,,,0,0
Lindiwe Dlamini,1997,The Lion King,,,,,,,,,
Lindiwe Hlengwa,1997,The Lion King,,,,,,,,,
Liv Battista,2023,Once Upon a One More Time,,,,,,,,,
Liz McCartney,2022,Funny Girl,,,,,,,,,
LJ Jellison,2003,Wicked,,,,,,,,,
Lorna Ventura,2003,Wicked,,,,,,,,,
Luca Thomas,2023,Grey House,,,,,,,,,
Luis Perez,1996,Chicago,,,,,,,,,
Mahira Kakkar,2023,Life of Pi,,,,,,,,,
Mahnaz Damania,2023,Life of Pi,,,,,,,,,
Maia Nkenge Wilson,2011,The Book of Mormon,,,,,,,,,
Makai Hernandez,2022,"A Beautiful Noise, The Neil Diamond Musical",,,,,,,,,
Malcolm Armwood,2019,Hadestown,,,,,,,,,
Malika Samuel,2018,"Harry Potter and the Cursed Child, Parts One and Two",,,,,,,,,
Mallory Maedke,2021,Six,,,,,,,,,
Mamie Duncan-Gibbs,1996,Chicago,,,,,,,,,
Manuel Herrera,2003,Wicked,,,,,,,,,
Marcel Spears,2023,Fat Ham,,,,,,,,,
Marcus Choi,2003,Wicked,,,,,,,,,
Maria Bilbao,2023,Sweeney Todd,,,,,,,,,
Mariah Reives,2022,Funny Girl,,,,,,,,,
Marilee Talkington,2023,Camelot,,,,,,,,,
Mark Allan Davis,1997,The Lion King,,,,,,,,,
Mark Jacoby,2022,"A Beautiful Noise, The Neil Diamond Musical",,,,,,,,,
Mark Lotito,2022,Some Like It Hot,,,,,,,,,
Mark Myars,2003,Wicked,,,,,,,,,
Marquis D. Gibson,2023,Fat Ham,,,,,,,,,
Mary Ann Lamb,1996,Chicago,,,,,,,,,
Mary Page Nance,2022,"A Beautiful Noise, The Neil Diamond Musical",,,,,,,,,
Masumi Iwai,2022,Funny Girl,,,,,,,,,
Matías De La Flor,2023,Camelot,,,,,,,,,
Matt Allen,2023,Once Upon a One More Time,,,,,,,,,
Matt Harrington,2022,Leopoldstadt,,,,,,,,,
Matt Raffy,2022,& Juliet,,,,,,,,,
Matthew Cavendish,2023,Peter Pan Goes Wrong,,,,,,,,,
Matthew Elijah Webb,2023,Fat Ham,,,,,,,,,
Max Chernin,2023,Parade,,,,,,,,,
Max Clayton,2019,Moulin Rouge! The Musical,,,,,,,,,
Max Roll,2023,"Good Night, Oscar",,,,,,,,,
Max Ryan Burach,2022,Leopoldstadt,,,,,,,,,
Max Sangerman,2022,"A Beautiful Noise, The Neil Diamond Musical",,,,,,,,,
Megan Kane,2022,& Juliet,,,,,,,,,
Megan Ort,2023,Sweeney Todd,,,,,,,,,
Melissa Bell Chait,2003,Wicked,,,,,,,,,
Melody Butiu,2023,Here Lies Love,,,,,,,,,
Merwin Foard,2014,Aladdin,,,,,,,,,
Mia Pinero,2023,Sweeney Todd,,,,,,,,,
Michael Deaner,2022,Leopoldstadt,,,,,,,,,
Michael Iskander,2022,Kimberly Akimbo,,,,,,,,,
Michael Iván Carrier,2022,& Juliet,,,,,,,,,
Heather Headley,1997,The Lion King,https://en.wikipedia.org/wiki/Heather_Headley,,,,2,6,5,1,10
Michael Joy,1997,The Lion King,,,,,,,,,
Michael Kubala,1996,Chicago,,,,,,,,,
Michael Kuhn,2023,Sweeney Todd,,,,,,,,,
Michael Mindlin,2014,Aladdin,,,,,,,,,
Michael Seelbach,2003,Wicked,,,,,,,,,
Michelle Mercedes,2022,MJ The Musical,,,,,,,,,
Miguel Gil,2022,Kimberly Akimbo,,,,,,,,,
Mike Cannon,2014,Aladdin,,,,,,,,,
Mike Cefalo,2023,"New York, New York",,,,,,,,,
Mikey Ruiz,2023,Once Upon a One More Time,,,,,,,,,
Miki Abraham,2023,Shucked,,,,,,,,,
Mila Weir,2023,Once Upon a One More Time,,,,,,,,,
Mimi Scardulla,2022,"A Beautiful Noise, The Neil Diamond Musical",,,,,,,,,
Mindy Cooper,1996,Chicago,,,,,,,,,
Monte Greene,2023,Camelot,,,,,,,,,
Morgan Whitley,2023,Once Upon a One More Time,,,,,,,,,
Moses Villarama,2023,Here Lies Love,,,,,,,,,
Nancy Hess,1996,Chicago,,,,,,,,,
Nancy Zamit,2023,Peter Pan Goes Wrong,,,,,,,,,
Nandi Morake,1997,The Lion King,,,,,,,,,
Naomi Kakuk,2023,"New York, New York",,,,,,,,,
NaTasha Yvette Williams,2022,Some Like It Hot,,,,,,,,,
Nathan Angelo,2023,Here Lies Love,,,,,,,,,
Nathan Levy,2023,Once Upon a One More Time,,,,,,,,,
Neal Benari,2022,"A Beautiful Noise, The Neil Diamond Musical",,,,,,,,,
Nhlanhla Ngema,1997,The Lion King,,,,,,,,,
Nicholas Christopher,2023,Sweeney Todd,,,,,,,,,
Nicholas Edwards,2022,& Juliet,,,,,,,,,
Nick Fradiani,2022,"A Beautiful Noise, The Neil Diamond Musical",,,,,,,,,
Nick Spangler,2011,The Book of Mormon,,,,,,,,,
Nico DeJesus,2022,& Juliet,,,,,,,,,
Nicole Kyoung-Mi Lambert,2021,Six,,,,,,,,,
Nikki Calonge,2023,Life of Pi,,,,,,,,,
Nikki Long,2014,Aladdin,,,,,,,,,
Nina White,2022,Kimberly Akimbo,,,,,,,,,
Ninako Donville,2022,"A Beautiful Noise, The Neil Diamond Musical",,,,,,,,,
Nkrumah Gatling,2023,Camelot,,,,,,,,,
Ntomb'khona Dlamini,1997,The Lion King,,,,,,,,,
Oliver Prose,2023,"New York, New York",,,,,,,,,
Olivia Bond,2018,"Harry Potter and the Cursed Child, Parts One and Two",,,,,,,,,
Olivia Elease Hardy,2022,Kimberly Akimbo,,,,,,,,,
Olutayo Bosede,2019,Moulin Rouge! The Musical,,,,,,,,,
Oyoyo Joi,2022,MJ The Musical,,,,,,,,,
Paige Faure,2022,"A Beautiful Noise, The Neil Diamond Musical",,,,,,,,,
Paloma Garcia-Lee,2019,Moulin Rouge! The Musical,,,,,,,,,
Pascal Pastrana,2022,"A Beautiful Noise, The Neil Diamond Musical",,,,,,,,,
Paul Thornley,2018,"Harry Potter and the Cursed Child, Parts One and Two",,,,,,,,,
Paul Whitty,2023,Camelot,,,,,,,,,
Paul-Jordan Jansen,2023,Sweeney Todd,,,,,,,,,
Pauline Casiño,2023,Once Upon a One More Time,,,,,,,,,
Pearl Scarlett Gold,2022,Leopoldstadt,,,,,,,,,
Peter Anthony Moore,1997,The Lion King,,,,,,,,,
Marisha Wallace,2014,Aladdin,https://en.wikipedia.org/wiki/Marisha_Wallace,,,,8,,,0,0
Philip Dorian McAdoo,1997,The Lion King,,,,,,,,,
Philip Stoddard,2023,Camelot,,,,,,,,,
Philippe Arroyo,2022,& Juliet,,,,,,,,,
Postell Pringle,2023,"Good Night, Oscar",,,,,,,,,
Prentiss E. Mouton,2023,Parade,,,,,,,,,
Micaela Diamond,2023,Parade,https://en.wikipedia.org/wiki/Micaela_Diamond,,,,8,2,6,8,0
Quinn VanAntwerp,2023,Shucked,,,,,,,,,
R.J. Foster,2023,Fat Ham,,,,,,,,,
Rachel Fairbanks,2023,Camelot,,,,,,,,,
Rachel Tecora Tucker,1997,The Lion King,,,,,,,,,
Rachel Webb,2022,& Juliet,,,,,,,,,
Raena White,2022,Some Like It Hot,,,,,,,,,
Rajesh Bose,2023,Life of Pi,,,,,,,,,
Ramone Nelson,2022,MJ The Musical,,,,,,,,,
Raphael Nash Thompson,2023,The Sign in Sidney Brustein's Window,,,,,,,,,
Raymond Baynard,2022,MJ The Musical,,,,,,,,,
Raymond J. Lee,2023,Sweeney Todd,,,,,,,,,
Reanne Acasio,2023,Here Lies Love,,,,,,,,,
Reed Luplau,2019,Moulin Rouge! The Musical,,,,,,,,,
Reese Bogin,2022,Leopoldstadt,,,,,,,,,
Michael Potts,2011,The Book of Mormon,https://en.wikipedia.org/wiki/Michael_Potts,,,,23,17,38,19,36
Renée Albulario,2023,Here Lies Love,,,,,,,,,
Renni Anthony Magee,2022,MJ The Musical,,,,,,,,,
Rhea Patterson,2014,Aladdin,,,,,,,,,
Rheaume Crenshaw,2023,Shucked,,,,,,,,,
Rhett G. George,2003,Wicked,,,,,,,,,
Richard Gatta,2023,"New York, New York",,,,,,,,,
Richard Riaz Yoder,2022,Some Like It Hot,,,,,,,,,
Ricky Rojas,2019,Moulin Rouge! The Musical,,,,,,,,,
Robert Pendilla,2022,"A Beautiful Noise, The Neil Diamond Musical",,,,,,,,,
Rocker Verastique,1996,Chicago,,,,,,,,,
Romy Fay,2022,Leopoldstadt,,,,,,,,,
Ron Kunene,1997,The Lion King,,,,,,,,,
Nikki Crawford,2023,Fat Ham,https://en.wikipedia.org/wiki/Nikki_Crawford,,,,11,,,0,0
Rowan Ian Seamus Magee,2023,Life of Pi,,,,,,,,,
Roy Flores,2023,Here Lies Love,,,,,,,,,
Noma Dumezweni,2018,"Harry Potter and the Cursed Child, Parts One and Two",https://en.wikipedia.org/wiki/Noma_Dumezweni,,,,5,6,28,23,11
Ryan VanDenBoom,2022,MJ The Musical,,,,,,,,,
Ryan Vincent Anderson,2023,Peter Pan Goes Wrong,,,,,,,,,
Ryan Vona,2023,Parade,,,,,,,,,
Okieriete Onaodowan,2015,Hamilton,https://en.wikipedia.org/wiki/Okieriete_Onaodowan,,,,9,7,15,4,18
S'bu Ngema,1997,The Lion King,,,,,,,,,
Salisha Thomas,2023,Once Upon a One More Time,,,,,,,,,
Salma Qarnain,2023,Life of Pi,,,,,,,,,
Sam Bell-Gurwitz,2023,"Good Night, Oscar",,,,,,,,,
Sam J. Cahn,2019,Moulin Rouge! The Musical,,,,,,,,,
Sam McKelton,1997,The Lion King,,,,,,,,,
Samantha Gershman,2022,"A Beautiful Noise, The Neil Diamond Musical",,,,,,,,,
Samantha Pauly,2021,Six,,,,,,,,,
Samantha Pollino,2023,Sweeney Todd,,,,,,,,,
Samuel E. Wright,1997,The Lion King,,,,,,,,,
Peter Francis James,2022,Funny Girl,https://en.wikipedia.org/wiki/Peter_Francis_James,,,,,10,24,33,0
Sarah Kay,2023,Here Lies Love,,,,,,,,,
Sarah Killough,2022,Leopoldstadt,,,,,,,,,
Sathya Sridharan,2023,Life of Pi,,,,,,,,,
Scarlet Wilderink,2023,Life of Pi,,,,,,,,,
Scott Barnhardt,2011,The Book of Mormon,,,,,,,,,
Scott Stangland,2023,Shucked,,,,,,,,,
"Sean Green, Jr.",2015,Hamilton,,,,,,,,,
Selene Haro,2023,Once Upon a One More Time,,,,,,,,,
Richard Gallagher,2018,"Harry Potter and the Cursed Child, Parts One and Two",,,,,11,,,0,0
Robyn Hurder,2019,Moulin Rouge! The Musical,https://en.wikipedia.org/wiki/Robyn_Hurder,,,,21,,,0,1
Shea Renne,2023,Here Lies Love,,,,,,,,,
Sheila Gibbs,1997,The Lion King,,,,,,,,,
Shirine Babb,2018,"Harry Potter and the Cursed Child, Parts One and Two",,,,,,,,,
Sindisiwe Nxumalo,1997,The Lion King,,,,,,,,,
Skye Alyssa Friedman,2022,Kimberly Akimbo,,,,,,,,,
Ṣọlá Fádìran,2023,Camelot,,,,,,,,,
Sonya Leslie,1997,The Lion King,,,,,,,,,
Sonya Venugopal,2023,Life of Pi,,,,,,,,,
Sophia Manicone,2023,Parade,,,,,,,,,
Stacie Bono,2023,Parade,,,,,,,,,
Stanley Martin,2014,Aladdin,,,,,,,,,
Stephanie Janssen,2023,"Good Night, Oscar",,,,,,,,,
Stephanie Klemons,2015,Hamilton,,,,,,,,,
Stephen Bradbury,2018,"Harry Potter and the Cursed Child, Parts One and Two",,,,,,,,,
Stephen Hanna,2023,"New York, New York",,,,,,,,,
Stephen James Anthony,2023,Peter Pan Goes Wrong,,,,,,,,,
Stephen Mark Lukas,2022,Funny Girl,,,,,,,,,
Stephen Scott Wormley,2023,Once Upon a One More Time,,,,,,,,,
Stephen Tewksbury,2023,Sweeney Todd,,,,,,,,,
Stuart Ward,2018,"Harry Potter and the Cursed Child, Parts One and Two",,,,,,,,,
Sydney James Harcourt,2015,Hamilton,,,,,,,,,
T. Oliver Reid,2019,Hadestown,,,,,,,,,
Ta'Rea Campbell,2011,The Book of Mormon,,,,,,,,,
Taeler Cyrus,2023,Sweeney Todd,,,,,,,,,
Tanner Callicutt,2023,Parade,,,,,,,,,
Tatiana Lofton,2022,"A Beautiful Noise, The Neil Diamond Musical",,,,,,,,,
Tavon Olds-Sample,2022,MJ The Musical,,,,,,,,,
Seth Stewart,2015,Hamilton,https://en.wikipedia.org/wiki/Seth_Stewart,,,,3,3,3,3,3
Tedra Millan,2022,Leopoldstadt,,,,,,,,,
Tesia Kwarteng,2023,Camelot,,,,,,,,,
Tess Soltau,2023,Once Upon a One More Time,,,,,,,,,
Thayne Jasperson,2015,Hamilton,,,,,,,,,
Thomas Michael Hammond,2023,"Good Night, Oscar",,,,,,,,,
Tia Altinay,2014,Aladdin,,,,,,,,,
Tiernan Tunnicliffe,2022,& Juliet,,,,,,,,,
Timothy Hunter,1997,The Lion King,,,,,,,,,
Timothy Matthew Flores,2023,Here Lies Love,,,,,,,,,
Tina Paul,1996,Chicago,,,,,,,,,
Tommar Wilson,2011,The Book of Mormon,,,,,,,,,
Toni DiBuono,2022,Funny Girl,,,,,,,,,
Traci Elaine Lee,2023,Shucked,,,,,,,,,
Trent Saunders,2014,Aladdin,,,,,,,,,
TyNia René Brandon,2022,Some Like It Hot,,,,,,,,,
Tyson Jennette,2011,The Book of Mormon,,,,,,,,,
Uma Paranjpe,2023,Life of Pi,,,,,,,,,
Usman Ali Mughal,2023,Life of Pi,,,,,,,,,
Valerie Torres-Rosario,2023,Camelot,,,,,,,,,
Vanessa A. Jones,1997,The Lion King,,,,,,,,,
Vanessa Sears,2023,"New York, New York",,,,,,,,,
Veronica Otim,2022,& Juliet,,,,,,,,,
Tatiana Maslany,2023,Grey House,https://en.wikipedia.org/wiki/Tatiana_Maslany,,,,9,26,39,65,0
Virgil Gadson,2022,& Juliet,,,,,,,,,
Voltaire Wade-Green,2015,Hamilton,,,,,,,,,
Walter Russell III,2022,MJ The Musical,,,,,,,,,
Walter Winston ONeil,2003,Wicked,,,,,,,,,
Wendi Bergamini,2023,"New York, New York",,,,,,,,,
Wesley Holloway,2022,Leopoldstadt,,,,,,,,,
Whitney Bashor,2022,MJ The Musical,,,,,,,,,
Will Coombs,2018,"Harry Potter and the Cursed Child, Parts One and Two",,,,,,,,,
William Michals,2023,Parade,https://en.wikipedia.org/wiki/William_Michals,,,,11,,3,3,0
Winsome Brown,2023,Grey House,,,,,,,,,
Wonza Johnson,2022,MJ The Musical,,,,,,,,,
Yurel Echezarreta,2014,Aladdin,,,,,,,,,
Yvette Gonzalez-Nacer,2019,Hadestown,,,,,,,,,
Zelig Williams,2022,MJ The Musical,,,,,,,,,